participant_id,condition_id
S4-P0001,s4_control
S4-P0002,s4_correction
S4-P0003,s4_control
S4-P0004,s4_control
S4-P0005,s4_correction
S4-P0006,s4_correction
S4-P0007,s4_correction
S4-P0008,s4_correction
S4-P0009,s4_correction
S4-P0010,s4_control
S4-P0011,s4_control
S4-P0012,s4_control
S4-P0013,s4_correction
S4-P0014,s4_control
S4-P0015,s4_control
S4-P0016,s4_control
S4-P0017,s4_correction
S4-P0018,s4_correction
S4-P0019,s4_control
S4-P0020,s4_correction
S4-P0021,s4_correction
S4-P0022,s4_control
S4-P0023,s4_control
S4-P0024,s4_correction
S4-P0025,s4_correction
S4-P0026,s4_control
S4-P0027,s4_control
S4-P0028,s4_correction
S4-P0029,s4_correction
S4-P0030,s4_control
S4-P0031,s4_correction
S4-P0032,s4_correction
S4-P0033,s4_control
S4-P0034,s4_control
S4-P0035,s4_control
S4-P0036,s4_correction
S4-P0037,s4_control
S4-P0038,s4_correction
S4-P0039,s4_control
S4-P0040,s4_correction
S4-P0041,s4_correction
S4-P0042,s4_control
S4-P0043,s4_correction
S4-P0044,s4_control
S4-P0045,s4_control
S4-P0046,s4_correction
S4-P0047,s4_control
S4-P0048,s4_correction
S4-P0049,s4_control
S4-P0050,s4_control
S4-P0051,s4_correction
S4-P0052,s4_control
S4-P0053,s4_correction
S4-P0054,s4_correction
S4-P0055,s4_correction
S4-P0056,s4_correction
S4-P0057,s4_control
S4-P0058,s4_control
S4-P0059,s4_control
S4-P0060,s4_correction
S4-P0061,s4_correction
S4-P0062,s4_correction
S4-P0063,s4_correction
S4-P0064,s4_control
S4-P0065,s4_control
S4-P0066,s4_control
S4-P0067,s4_correction
S4-P0068,s4_correction
S4-P0069,s4_correction
S4-P0070,s4_control
S4-P0071,s4_control
S4-P0072,s4_control
S4-P0073,s4_control
S4-P0074,s4_correction
S4-P0075,s4_correction
S4-P0076,s4_control
S4-P0077,s4_correction
S4-P0078,s4_control
S4-P0079,s4_correction
S4-P0080,s4_correction
S4-P0081,s4_correction
S4-P0082,s4_control
S4-P0083,s4_control
S4-P0084,s4_control
S4-P0085,s4_control
S4-P0086,s4_control
S4-P0087,s4_correction
S4-P0088,s4_correction
S4-P0089,s4_correction
S4-P0090,s4_control
S4-P0091,s4_correction
S4-P0092,s4_correction
S4-P0093,s4_control
S4-P0094,s4_correction
S4-P0095,s4_control
S4-P0096,s4_control
S4-P0097,s4_correction
S4-P0098,s4_control
S4-P0099,s4_correction
S4-P0100,s4_control
S4-P0101,s4_correction
S4-P0102,s4_control
S4-P0103,s4_control
S4-P0104,s4_control
S4-P0105,s4_correction
S4-P0106,s4_control
S4-P0107,s4_correction
S4-P0108,s4_correction
S4-P0109,s4_correction
S4-P0110,s4_control
S4-P0111,s4_correction
S4-P0112,s4_control
S4-P0113,s4_control
S4-P0114,s4_correction
S4-P0115,s4_correction
S4-P0116,s4_control
S4-P0117,s4_control
S4-P0118,s4_control
S4-P0119,s4_correction
S4-P0120,s4_correction
S4-P0121,s4_correction
S4-P0122,s4_correction
S4-P0123,s4_correction
S4-P0124,s4_control
S4-P0125,s4_control
S4-P0126,s4_control
S4-P0127,s4_control
S4-P0128,s4_correction
S4-P0129,s4_correction
S4-P0130,s4_control
S4-P0131,s4_control
S4-P0132,s4_correction
S4-P0133,s4_control
S4-P0134,s4_correction
S4-P0135,s4_correction
S4-P0136,s4_correction
S4-P0137,s4_control
S4-P0138,s4_control
S4-P0139,s4_control
S4-P0140,s4_correction
S4-P0141,s4_correction
S4-P0142,s4_correction
S4-P0143,s4_control
S4-P0144,s4_control
S4-P0145,s4_control
S4-P0146,s4_correction
S4-P0147,s4_control
S4-P0148,s4_correction
S4-P0149,s4_correction
S4-P0150,s4_control
S4-P0151,s4_control
S4-P0152,s4_correction
S4-P0153,s4_control
S4-P0154,s4_correction
S4-P0155,s4_control
S4-P0156,s4_correction
S4-P0157,s4_correction
S4-P0158,s4_control
S4-P0159,s4_correction
S4-P0160,s4_correction
S4-P0161,s4_control
S4-P0162,s4_control
S4-P0163,s4_control
S4-P0164,s4_control
S4-P0165,s4_correction
S4-P0166,s4_control
S4-P0167,s4_correction
S4-P0168,s4_correction
S4-P0169,s4_control
S4-P0170,s4_control
S4-P0171,s4_correction
S4-P0172,s4_correction
S4-P0173,s4_correction
S4-P0174,s4_control
S4-P0175,s4_correction
S4-P0176,s4_correction
S4-P0177,s4_correction
S4-P0178,s4_control
S4-P0179,s4_control
S4-P0180,s4_control
S4-P0181,s4_control
S4-P0182,s4_correction
S4-P0183,s4_correction
S4-P0184,s4_control
S4-P0185,s4_correction
S4-P0186,s4_control
S4-P0187,s4_control
S4-P0188,s4_correction
S4-P0189,s4_correction
S4-P0190,s4_correction
S4-P0191,s4_control
S4-P0192,s4_control
S4-P0193,s4_correction
S4-P0194,s4_control
S4-P0195,s4_correction
S4-P0196,s4_control
S4-P0197,s4_correction
S4-P0198,s4_control
S4-P0199,s4_correction
S4-P0200,s4_correction
S4-P0201,s4_correction
S4-P0202,s4_control
S4-P0203,s4_control
S4-P0204,s4_control
S4-P0205,s4_correction
S4-P0206,s4_control
S4-P0207,s4_correction
S4-P0208,s4_control
S4-P0209,s4_correction
S4-P0210,s4_control
